{"embedding_dim": 30, "num_layers": 3, "hidden_sizes": [78, 95, 127], "dropout_rate": 0.2929178649004609, "learning_rate": 0.008686711816825402}